{
  "recentFiles": [
    {
      "basename": "2024-09-04",
      "path": "Task/2024-09-04.md"
    },
    {
      "basename": "2024-09-03",
      "path": "Task/2024-09-03.md"
    },
    {
      "basename": "TIL ver.2",
      "path": "Resource/TIL ver.2.md"
    },
    {
      "basename": "R-Tree 적용하기",
      "path": "Resource/R-Tree 적용하기.md"
    },
    {
      "basename": "미뤄져버린 일들",
      "path": "미뤄져버린 일들.md"
    },
    {
      "basename": "2024-08-28",
      "path": "Task/2024-08-28.md"
    },
    {
      "basename": "2024-08-23",
      "path": "Task/2024-08-23.md"
    },
    {
      "basename": "SQL, DDL, DML, DCL",
      "path": "Resource/SQL, DDL, DML, DCL.md"
    },
    {
      "basename": "2024-08-22",
      "path": "Task/2024-08-22.md"
    },
    {
      "basename": "Drawing 2024-08-30 01.42.07.excalidraw",
      "path": "Resource/Excaildraw/Drawing 2024-08-30 01.42.07.excalidraw.md"
    },
    {
      "basename": "DongA  통합 개발 썰",
      "path": "Project/Post/DongA  통합 개발 썰.md"
    },
    {
      "basename": "진짜 노트",
      "path": "Resource/진짜 노트.md"
    },
    {
      "basename": "인덱스",
      "path": "Resource/인덱스.md"
    },
    {
      "basename": "AWS SQS",
      "path": "Resource/AWS SQS.md"
    },
    {
      "basename": "MySQL 엔진",
      "path": "Resource/MySQL 엔진.md"
    },
    {
      "basename": "daily_task_template",
      "path": "Resource/daily_task_template.md"
    },
    {
      "basename": "Redis를 사용한 분산락",
      "path": "Resource/Redis를 사용한 분산락.md"
    },
    {
      "basename": "Response DTO",
      "path": "Resource/Response DTO.md"
    },
    {
      "basename": "Awesome한 Nestjs BoilerPlate 찾기",
      "path": "Project/Awesome한 Nestjs BoilerPlate 찾기.md"
    },
    {
      "basename": "DB migration (mysql -> postgres)",
      "path": "Project/Post/DB migration (mysql -> postgres).md"
    },
    {
      "basename": "Notion으로 써서 github blog에 올리기",
      "path": "Project/Post/Notion으로 써서 github blog에 올리기.md"
    }
  ],
  "omittedPaths": []
}